Y,Timestamp,X,Page,Interaction Type
424.5,1524099330649,194,magnetbox,touch
381.5,1524099341785,438,magnetbox,touch
380.5,1524099364222,691,magnetbox,touch
623,1524099373423,197,magnetbox,touch
658.5,1524099386954,436,magnetbox,touch
636.5,1524099396358,689.5,magnetbox,touch
905.5,1524099416074,179,magnetbox,touch
867.5,1524099424761,428,magnetbox,touch
888.5,1524099436567,708,magnetbox,touch
400,1524099454902,188,magnetbox,touch
416,1524099462755,410,magnetbox,touch
425,1524099467853,643,magnetbox,touch
632.5,1524099472719,197.5,magnetbox,touch
657,1524099488344,694.5,magnetbox,touch
875.5,1524099494971,206.5,magnetbox,touch
877,1524099506649,455,magnetbox,touch
902.5,1524099513324,702,magnetbox,touch
858,1524099515491,454.5,magnetbox,touch
399,1524181329452,218.5,magnetbox,touch
382,1524181339444,448.5,magnetbox,touch
366,1524181352042,668,magnetbox,touch
635,1524181363947,219.5,magnetbox,touch
646.5,1524181372663,438.5,magnetbox,touch
644,1524181379150,712.5,magnetbox,touch
875,1524181385757,224,magnetbox,touch
896,1524181391147,478,magnetbox,touch
898.5,1524181396496,690.5,magnetbox,touch
376,1524181404342,220,magnetbox,touch
377,1524181413804,454,magnetbox,touch
396,1524181420222,699,magnetbox,touch
635,1524181428424,223,magnetbox,touch
646.5,1524181441732,448.5,magnetbox,touch
638,1524181450808,696,magnetbox,touch
908.5,1524181454300,233,magnetbox,touch
904,1524181458123,476,magnetbox,touch
887.5,1524181461792,707.5,magnetbox,touch
386,1524186426542,179.5,magnetbox,touch
384.5,1524186438225,443,magnetbox,touch
391,1524186452607,720,magnetbox,touch
397,1524186454533,715.5,magnetbox,touch
383.5,1524186455963,718,magnetbox,touch
623.5,1524186468796,213,magnetbox,touch
656,1524186480240,472,magnetbox,touch
597,1524186481251,462,magnetbox,touch
639.5,1524186493357,706,magnetbox,touch
384,1524186512742,219.5,magnetbox,touch
382.5,1524186520187,469,magnetbox,touch
387.5,1524186534704,721,magnetbox,touch
652,1524186545079,172,magnetbox,touch
620.5,1524186555822,479,magnetbox,touch
636,1524186565678,751,magnetbox,touch
876.5,1524186576035,219.5,magnetbox,touch
888.5,1524186585191,462.5,magnetbox,touch
887.5,1524186590917,685,magnetbox,touch
362.5,1524191557793,228,magnetbox,touch
395,1524191568248,463,magnetbox,touch
392.5,1524191581193,745,magnetbox,touch
611,1524191591098,198.5,magnetbox,touch
622.5,1524191600114,478.5,magnetbox,touch
625.5,1524191607827,725,magnetbox,touch
882,1524191615568,215.5,magnetbox,touch
877,1524191626021,461,magnetbox,touch
835.5,1524191636891,753,magnetbox,touch
379,1524191645710,197,magnetbox,touch
384.5,1524191655531,478.5,magnetbox,touch
370,1524191665586,734,magnetbox,touch
602.5,1524191677243,219,magnetbox,touch
639,1524191689232,477,magnetbox,touch
654.5,1524191699784,709.5,magnetbox,touch
879,1524191706210,210.5,magnetbox,touch
886,1524191713488,471,magnetbox,touch
863,1524191719456,710.5,magnetbox,touch
367.5,1524270000000,201.5,magnetbox,touch
381.5,1524270000000,467,magnetbox,touch
385,1524270000000,691,magnetbox,touch
648,1524270000000,209,magnetbox,touch
594,1524270000000,461.5,magnetbox,touch
651,1524270000000,751,magnetbox,touch
886.5,1524270000000,206,magnetbox,touch
892.5,1524270000000,497.5,magnetbox,touch
904,1524270000000,721.5,magnetbox,touch
363.5,1524270000000,214,magnetbox,touch
382,1524270000000,455,magnetbox,touch
383,1524270000000,719,magnetbox,touch
657,1524270000000,217,magnetbox,touch
657.5,1524270000000,480.5,magnetbox,touch
649,1524270000000,698.5,magnetbox,touch
876.5,1524270000000,210.5,magnetbox,touch
885,1524270000000,480.5,magnetbox,touch
886,1524270000000,728.5,magnetbox,touch
402.5,1524340000000,212,magnetbox,touch
410,1524340000000,478,magnetbox,touch
414,1524340000000,677.5,magnetbox,touch
664,1524340000000,213,magnetbox,touch
661,1524340000000,475,magnetbox,touch
670,1524340000000,673,magnetbox,touch
888.5,1524340000000,210.5,magnetbox,touch
899.5,1524340000000,441,magnetbox,touch
889.5,1524340000000,722.5,magnetbox,touch
396.5,1524340000000,205,magnetbox,touch
407.5,1524340000000,482.5,magnetbox,touch
408.5,1524340000000,683.5,magnetbox,touch
673.5,1524340000000,182,magnetbox,touch
631.5,1524340000000,445,magnetbox,touch
664.5,1524340000000,732,magnetbox,touch
850.5,1524340000000,164.5,magnetbox,touch
875,1524340000000,465,magnetbox,touch
894,1524340000000,726,magnetbox,touch
378.5,1524340000000,194,magnetbox,touch
370.5,1524340000000,442.5,magnetbox,touch
379.5,1524340000000,710.5,magnetbox,touch
620.5,1524340000000,207.5,magnetbox,touch
665.5,1524340000000,468,magnetbox,touch
630,1524340000000,704.5,magnetbox,touch
895.5,1524340000000,229,magnetbox,touch
872,1524340000000,452.5,magnetbox,touch
882,1524340000000,688.5,magnetbox,touch
379,1524340000000,198,magnetbox,touch
359,1524340000000,451.5,magnetbox,touch
390,1524340000000,692.5,magnetbox,touch
661.5,1524340000000,171,magnetbox,touch
624,1524340000000,476.5,magnetbox,touch
661,1524340000000,731.5,magnetbox,touch
919,1524340000000,201.5,magnetbox,touch
853.5,1524340000000,453.5,magnetbox,touch
880,1524340000000,722.5,magnetbox,touch
379,1524340000000,198.5,magnetbox,touch
354,1524350000000,193,magnetbox,touch
393.5,1524350000000,435.5,magnetbox,touch
371,1524350000000,693.5,magnetbox,touch
640,1524350000000,219.5,magnetbox,touch
628,1524350000000,210.5,magnetbox,touch
665.5,1524350000000,456.5,magnetbox,touch
646.5,1524350000000,713.5,magnetbox,touch
894,1524350000000,212,magnetbox,touch
870,1524350000000,695.5,magnetbox,touch
395,1524350000000,219,magnetbox,touch
434,1524350000000,440,magnetbox,touch
630,1524350000000,192,magnetbox,touch
648.5,1524350000000,452.5,magnetbox,touch
654,1524350000000,692.5,magnetbox,touch
884,1524350000000,210.5,magnetbox,touch
881,1524350000000,465,magnetbox,touch
902.5,1524350000000,461.5,magnetbox,touch
895.5,1524350000000,456.5,magnetbox,touch
402.5,1524340000000,212,magnetbox,touch
410,1524340000000,478,magnetbox,touch
414,1524340000000,677.5,magnetbox,touch
664,1524340000000,213,magnetbox,touch
661,1524340000000,475,magnetbox,touch
670,1524340000000,673,magnetbox,touch
888.5,1524340000000,210.5,magnetbox,touch
899.5,1524340000000,441,magnetbox,touch
889.5,1524340000000,722.5,magnetbox,touch
396.5,1524340000000,205,magnetbox,touch
407.5,1524340000000,482.5,magnetbox,touch
408.5,1524340000000,683.5,magnetbox,touch
673.5,1524340000000,182,magnetbox,touch
631.5,1524340000000,445,magnetbox,touch
664.5,1524340000000,732,magnetbox,touch
850.5,1524340000000,164.5,magnetbox,touch
875,1524340000000,465,magnetbox,touch
894,1524340000000,726,magnetbox,touch
378.5,1524340000000,194,magnetbox,touch
370.5,1524340000000,442.5,magnetbox,touch
379.5,1524340000000,710.5,magnetbox,touch
620.5,1524340000000,207.5,magnetbox,touch
665.5,1524340000000,468,magnetbox,touch
630,1524340000000,704.5,magnetbox,touch
895.5,1524340000000,229,magnetbox,touch
872,1524340000000,452.5,magnetbox,touch
882,1524340000000,688.5,magnetbox,touch
379,1524340000000,198,magnetbox,touch
359,1524340000000,451.5,magnetbox,touch
390,1524340000000,692.5,magnetbox,touch
661.5,1524340000000,171,magnetbox,touch
624,1524340000000,476.5,magnetbox,touch
661,1524340000000,731.5,magnetbox,touch
919,1524340000000,201.5,magnetbox,touch
853.5,1524340000000,453.5,magnetbox,touch
880,1524340000000,722.5,magnetbox,touch
379,1524340000000,198.5,magnetbox,touch
354,1524350000000,193,magnetbox,touch
393.5,1524350000000,435.5,magnetbox,touch
371,1524350000000,693.5,magnetbox,touch
640,1524350000000,219.5,magnetbox,touch
628,1524350000000,210.5,magnetbox,touch
665.5,1524350000000,456.5,magnetbox,touch
646.5,1524350000000,713.5,magnetbox,touch
894,1524350000000,212,magnetbox,touch
870,1524350000000,695.5,magnetbox,touch
395,1524350000000,219,magnetbox,touch
434,1524350000000,440,magnetbox,touch
630,1524350000000,192,magnetbox,touch
648.5,1524350000000,452.5,magnetbox,touch
654,1524350000000,692.5,magnetbox,touch
884,1524350000000,210.5,magnetbox,touch
881,1524350000000,465,magnetbox,touch
902.5,1524350000000,461.5,magnetbox,touch
895.5,1524350000000,456.5,magnetbox,touch
378.5,1524530000000,245,magnetbox,touch
393,1524530000000,479.5,magnetbox,touch
408,1524530000000,702.5,magnetbox,touch
625.5,1524530000000,221,magnetbox,touch
639,1524530000000,465.5,magnetbox,touch
656.5,1524530000000,711,magnetbox,touch
866,1524530000000,207.5,magnetbox,touch
902,1524530000000,476,magnetbox,touch
889.5,1524530000000,745,magnetbox,touch
386.5,1524530000000,223.5,magnetbox,touch
403,1524530000000,479,magnetbox,touch
417,1524530000000,748.5,magnetbox,touch
619.5,1524530000000,236,magnetbox,touch
634.5,1524530000000,500.5,magnetbox,touch
654.5,1524530000000,747.5,magnetbox,touch
882.5,1524530000000,214.5,magnetbox,touch
889.5,1524530000000,438,magnetbox,touch
867,1524530000000,704,magnetbox,touch
388,1524699280434,216.5,magnetbox,touch
392,1524699292326,454,magnetbox,touch
410,1524699302622,722.5,magnetbox,touch
660,1524699312275,238,magnetbox,touch
642,1524699324196,457.5,magnetbox,touch
649,1524699335672,715.5,magnetbox,touch
880,1524699343121,233.5,magnetbox,touch
884.5,1524699348828,463,magnetbox,touch
904,1524699357996,717.5,magnetbox,touch
412,1524699365705,219.5,magnetbox,touch
390.5,1524699381877,457,magnetbox,touch
409,1524699391957,711,magnetbox,touch
646,1524699401755,227.5,magnetbox,touch
629,1524699409933,464.5,magnetbox,touch
644.5,1524699417486,720.5,magnetbox,touch
911,1524699424288,239,magnetbox,touch
894.5,1524699430658,479,magnetbox,touch
871.5,1524699436850,704.5,magnetbox,touch
388,1524699280434,216.5,magnetbox,
392,1524699292326,454,magnetbox,
410,1524699302622,722.5,magnetbox,
660,1524699312275,238,magnetbox,
642,1524699324196,457.5,magnetbox,
649,1524699335672,715.5,magnetbox,
880,1524699343121,233.5,magnetbox,
884.5,1524699348828,463,magnetbox,
904,1524699357996,717.5,magnetbox,
412,1524699365705,219.5,magnetbox,
390.5,1524699381877,457,magnetbox,
409,1524699391957,711,magnetbox,
646,1524699401755,227.5,magnetbox,
629,1524699409933,464.5,magnetbox,
644.5,1524699417486,720.5,magnetbox,
911,1524699424288,239,magnetbox,
894.5,1524699430658,479,magnetbox,
871.5,1524699436850,704.5,magnetbox,
356.5,1524765484654,201.5,magnetbox,
347.5,1524765495971,434,magnetbox,
360.5,1524765507163,695.5,magnetbox,
655.5,1524765518907,196.5,magnetbox,
616.5,1524765526936,473.5,magnetbox,
634,1524765535354,679.5,magnetbox,
874,1524765542690,201,magnetbox,
877,1524765558440,449.5,magnetbox,
882,1524765564041,705.5,magnetbox,
383,1524765576273,208,magnetbox,
380.5,1524765585835,463.5,magnetbox,
352.5,1524765592573,734,magnetbox,
671,1524765611953,220.5,magnetbox,
622,1524765618161,463.5,magnetbox,
609,1524765626251,699.5,magnetbox,
865.5,1524765632649,215.5,magnetbox,
851,1524765642472,487,magnetbox,
860,1524765649071,705,magnetbox,
364,1524769435407,211,magnetbox,
399.5,1524769450596,488.5,magnetbox,
399.5,1524769463869,733,magnetbox,
638.5,1524769471617,212.5,magnetbox,
657,1524769487462,454.5,magnetbox,
683.5,1524769499680,728,magnetbox,
898.5,1524769510655,230,magnetbox,
876,1524769522418,463.5,magnetbox,
899.5,1524769529608,731,magnetbox,
403.5,1524769536696,231.5,magnetbox,
381.5,1524769545503,457.5,magnetbox,
396.5,1524769560964,718,magnetbox,
671.5,1524769572395,219.5,magnetbox,
659.5,1524769584350,449,magnetbox,
633.5,1524769589710,702.5,magnetbox,
897,1524769594854,210,magnetbox,
889.5,1524769597319,458,magnetbox,
888,1524769598955,716.5,magnetbox,
404,1524775416916,212,magnetbox,
418.5,1524775428207,468.5,magnetbox,
407,1524775435945,688.5,magnetbox,
632,1524775443330,232.5,magnetbox,
634,1524775451325,455.5,magnetbox,
656.5,1524775457893,697.5,magnetbox,
861,1524775465453,212.5,magnetbox,
914,1524775473311,465.5,magnetbox,
882,1524775481700,704.5,magnetbox,
409.5,1524775489062,210.5,magnetbox,
359,1524775494767,468,magnetbox,
392.5,1524775501340,723.5,magnetbox,
642,1524775509465,220.5,magnetbox,
637.5,1524775517183,463,magnetbox,
661,1524775526356,716.5,magnetbox,
878,1524775535510,219,magnetbox,
870.5,1524775543546,462.5,magnetbox,
878.5,1524775550037,721.5,magnetbox,
385.5,1524780690445,237,magnetbox,
347.5,1524780699245,458.5,magnetbox,
370,1524780711660,711.5,magnetbox,
645,1524780720684,217.5,magnetbox,
665.5,1524780731006,464.5,magnetbox,
609,1524780747209,737,magnetbox,
894,1524780752585,212,magnetbox,
912.5,1524780764064,463,magnetbox,
890.5,1524780771998,721,magnetbox,
390,1524780781584,224.5,magnetbox,
384,1524780790582,469.5,magnetbox,
371,1524780800903,695,magnetbox,
653,1524780812147,235.5,magnetbox,
658.5,1524780820139,467,magnetbox,
639,1524780830777,744,magnetbox,
908,1524780836886,243,magnetbox,
859.5,1524780848430,457,magnetbox,
889.5,1524780852925,715.5,magnetbox,
402.5,1524336600128,212,magnetbox,touch
410,1524336610232,478,magnetbox,touch
414,1524336616568,677.5,magnetbox,touch
664,1524336623362,213,magnetbox,touch
661,1524336631272,475,magnetbox,touch
670,1524336640958,673,magnetbox,touch
888.5,1524336647778,210.5,magnetbox,touch
899.5,1524336656990,441,magnetbox,touch
889.5,1524336664770,722.5,magnetbox,touch
396.5,1524336679783,205,magnetbox,touch
407.5,1524336688670,482.5,magnetbox,touch
408.5,1524336696932,683.5,magnetbox,touch
673.5,1524336706088,182,magnetbox,touch
631.5,1524336718088,445,magnetbox,touch
664.5,1524336727946,732,magnetbox,touch
850.5,1524336741118,164.5,magnetbox,touch
875,1524336747483,465,magnetbox,touch
894,1524336756860,726,magnetbox,touch
378.5,1524339664741,194,magnetbox,touch
370.5,1524339673952,442.5,magnetbox,touch
379.5,1524339687155,710.5,magnetbox,touch
620.5,1524339695624,207.5,magnetbox,touch
665.5,1524339705331,468,magnetbox,touch
630,1524339718121,704.5,magnetbox,touch
895.5,1524339726302,229,magnetbox,touch
872,1524339737129,452.5,magnetbox,touch
882,1524339740426,688.5,magnetbox,touch
379,1524339747841,198,magnetbox,touch
359,1524339753462,451.5,magnetbox,touch
390,1524339760925,692.5,magnetbox,touch
661.5,1524339770539,171,magnetbox,touch
624,1524339776814,476.5,magnetbox,touch
661,1524339783695,731.5,magnetbox,touch
919,1524339792245,201.5,magnetbox,touch
853.5,1524339803516,453.5,magnetbox,touch
880,1524339810059,722.5,magnetbox,touch
379,1524339820466,198.5,magnetbox,touch
354,1524346540751,193,magnetbox,touch
393.5,1524346549544,435.5,magnetbox,touch
371,1524346562023,693.5,magnetbox,touch
640,1524346578583,219.5,magnetbox,touch
628,1524346582479,210.5,magnetbox,touch
665.5,1524346588546,456.5,magnetbox,touch
646.5,1524346596169,713.5,magnetbox,touch
894,1524346600774,212,magnetbox,touch
870,1524346615011,695.5,magnetbox,touch
395,1524346627747,219,magnetbox,touch
434,1524346642961,440,magnetbox,touch
630,1524346662924,192,magnetbox,touch
648.5,1524346667862,452.5,magnetbox,touch
654,1524346673510,692.5,magnetbox,touch
884,1524346681861,210.5,magnetbox,touch
881,1524346690932,465,magnetbox,touch
902.5,1524346696929,461.5,magnetbox,touch
895.5,1524346697089,456.5,magnetbox,touch
378.5,1524527628915,245,magnetbox,touch
393,1524527637681,479.5,magnetbox,touch
408,1524527646692,702.5,magnetbox,touch
625.5,1524527653840,221,magnetbox,touch
639,1524527660832,465.5,magnetbox,touch
656.5,1524527671214,711,magnetbox,touch
866,1524527680912,207.5,magnetbox,touch
902,1524527688179,476,magnetbox,touch
889.5,1524527697100,745,magnetbox,touch
386.5,1524527707106,223.5,magnetbox,touch
403,1524527715081,479,magnetbox,touch
417,1524527726864,748.5,magnetbox,touch
619.5,1524527743792,236,magnetbox,touch
634.5,1524527751820,500.5,magnetbox,touch
654.5,1524527759559,747.5,magnetbox,touch
882.5,1524527769556,214.5,magnetbox,touch
889.5,1524527777456,438,magnetbox,touch
867,1524527790537,704,magnetbox,touch
414.5,1524850000000,230.5,magnetbox,touch
400,1524850000000,483.5,magnetbox,touch
395,1524850000000,739,magnetbox,touch
658,1524850000000,232,magnetbox,touch
642,1524850000000,490,magnetbox,touch
640.5,1524850000000,723.5,magnetbox,touch
891.5,1524850000000,254.5,magnetbox,touch
893,1524850000000,495.5,magnetbox,touch
891.5,1524850000000,727,magnetbox,touch
395.5,1524850000000,243,magnetbox,touch
397,1524850000000,480.5,magnetbox,touch
410.5,1524850000000,712.5,magnetbox,touch
608,1524850000000,264.5,magnetbox,touch
633,1524850000000,479.5,magnetbox,touch
658.5,1524850000000,734.5,magnetbox,touch
885.5,1524850000000,241,magnetbox,touch
907.5,1524850000000,492,magnetbox,touch
910,1524850000000,725.5,magnetbox,touch
385.5,1524860000000,230,magnetbox,touch
393,1524860000000,464,magnetbox,touch
384,1524860000000,751,magnetbox,touch
650,1524860000000,228,magnetbox,touch
642,1524860000000,461.5,magnetbox,touch
673.5,1524860000000,716.5,magnetbox,touch
886,1524860000000,209.5,magnetbox,touch
913.5,1524860000000,468.5,magnetbox,touch
906.5,1524860000000,730.5,magnetbox,touch
389,1524860000000,230.5,magnetbox,touch
382.5,1524860000000,460.5,magnetbox,touch
413,1524860000000,733,magnetbox,touch
660,1524860000000,233,magnetbox,touch
672,1524860000000,497,magnetbox,touch
656.5,1524860000000,726,magnetbox,touch
913,1524860000000,253,magnetbox,touch
891,1524860000000,472,magnetbox,touch
401.5,1524860000000,250,magnetbox,touch
401.5,1524860000000,494,magnetbox,touch
441.5,1524860000000,744.5,magnetbox,touch
632,1524860000000,228,magnetbox,touch
623.5,1524860000000,474,magnetbox,touch
883.5,1524860000000,234,magnetbox,touch
885.5,1524860000000,239,magnetbox,touch
916.5,1524860000000,478.5,magnetbox,touch
894.5,1524860000000,694.5,magnetbox,touch
377,1524860000000,224.5,magnetbox,touch
411.5,1524860000000,485,magnetbox,touch
407.5,1524860000000,720.5,magnetbox,touch
618.5,1524860000000,213,magnetbox,touch
643.5,1524860000000,451.5,magnetbox,touch
655,1524860000000,729.5,magnetbox,touch
906,1524860000000,242.5,magnetbox,touch
918,1524860000000,483.5,magnetbox,touch
909,1524860000000,723,magnetbox,touch
376,1524870000000,214.5,magnetbox,touch
394,1524870000000,465.5,magnetbox,touch
389.5,1524870000000,728.5,magnetbox,touch
644,1524870000000,207.5,magnetbox,touch
591,1524870000000,480.5,magnetbox,touch
657,1524870000000,741,magnetbox,touch
892,1524870000000,186,magnetbox,touch
893,1524870000000,464.5,magnetbox,touch
842.5,1524870000000,708,magnetbox,touch
385,1524870000000,216.5,magnetbox,touch
360,1524870000000,483.5,magnetbox,touch
396,1524870000000,699.5,magnetbox,touch
649,1524870000000,234.5,magnetbox,touch
640,1524870000000,455.5,magnetbox,touch
633,1524870000000,748.5,magnetbox,touch
860,1524870000000,228,magnetbox,touch
861.5,1524870000000,457,magnetbox,touch
869.5,1524870000000,649.5,magnetbox,touch
358.5,1524890000000,225,magnetbox,touch
353,1524890000000,480.5,magnetbox,touch
368.5,1524890000000,708.5,magnetbox,touch
587.5,1524890000000,201.5,magnetbox,touch
577,1524890000000,476,magnetbox,touch
616,1524890000000,711.5,magnetbox,touch
885,1524890000000,206.5,magnetbox,touch
880,1524890000000,444,magnetbox,touch
869.5,1524890000000,692,magnetbox,touch
385.5,1524890000000,199,magnetbox,touch
397.5,1524890000000,469,magnetbox,touch
445.5,1524890000000,691,magnetbox,touch
663,1524890000000,231,magnetbox,touch
614,1524890000000,475,magnetbox,touch
676.5,1524890000000,719,magnetbox,touch
900.5,1524890000000,219.5,magnetbox,touch
892,1524890000000,453,magnetbox,touch
852,1524890000000,703,magnetbox,touch
389.5,1524936223734,212,magnetbox,touch
411.5,1524936236574,467,magnetbox,touch
416.5,1524936240608,692.5,magnetbox,touch
642,1524936270228,212.5,magnetbox,touch
656,1524936274565,447,magnetbox,touch
621.5,1524936284881,688.5,magnetbox,touch
857.5,1524936286573,214,magnetbox,touch
905,1524936306702,434,magnetbox,touch
908.5,1524936308255,713,magnetbox,touch
392,1524936345277,225.5,magnetbox,touch
380.5,1524936349032,470,magnetbox,touch
380,1524936363626,757.5,magnetbox,touch
620.5,1524936389593,214,magnetbox,touch
658,1524936410190,458.5,magnetbox,touch
625,1524936412284,690.5,magnetbox,touch
876.5,1524936413528,219,magnetbox,touch
886,1524936444443,489.5,magnetbox,touch
896,1524936449719,699,magnetbox,touch
633,1524939903051,457,magnetbox,touch
682.5,1524939997955,458.5,magnetbox,touch
377,1524940037790,453.5,magnetbox,touch
372,1524940048564,230.5,magnetbox,touch
378.5,1524940065764,219.5,magnetbox,touch
897,1524940073411,211,magnetbox,touch
896,1524940084494,206.5,magnetbox,touch
868,1524940110961,457,magnetbox,touch
871,1524940131349,214,magnetbox,touch
953,1524940142388,207.5,magnetbox,touch
901.5,1524940142571,199.5,magnetbox,touch
847,1524940157450,228.5,magnetbox,touch
881,1524940168808,466.5,magnetbox,touch
880.5,1524940184419,485,magnetbox,touch
890,1524940204163,441.5,magnetbox,touch
377.5,1524946816778,218.5,magnetbox,touch
398.5,1524946828276,460,magnetbox,touch
405.5,1524946843543,720,magnetbox,touch
620.5,1524946854626,251,magnetbox,touch
611,1524946870225,473.5,magnetbox,touch
658,1524946877932,709.5,magnetbox,touch
659.5,1524946886696,713,magnetbox,touch
879.5,1524946893171,226.5,magnetbox,touch
860,1524946901138,445.5,magnetbox,touch
860,1524946914147,699.5,magnetbox,touch
346.5,1524946929612,204,magnetbox,touch
384.5,1524946941981,453.5,magnetbox,touch
378,1524946962509,711.5,magnetbox,touch
624.5,1524946970713,207,magnetbox,touch
603.5,1524946980982,490.5,magnetbox,touch
648,1524946994892,709,magnetbox,touch
867,1524947001477,176.5,magnetbox,touch
895,1524947014778,718,magnetbox,touch
403.5,1524962346916,203.5,magnetbox,touch
414.5,1524962356393,442.5,magnetbox,touch
386.5,1524962373768,710.5,magnetbox,touch
665,1524962391521,227,magnetbox,touch
645,1524962395691,463.5,magnetbox,touch
651,1524962410385,703.5,magnetbox,touch
877,1524962425257,214.5,magnetbox,touch
891.5,1524962441809,478,magnetbox,touch
866.5,1524962454472,714,magnetbox,touch
348.5,1524962466649,206.5,magnetbox,touch
382.5,1524962480163,474.5,magnetbox,touch
378.5,1524962490327,744.5,magnetbox,touch
622,1524962499896,217,magnetbox,touch
628,1524962509097,461.5,magnetbox,touch
668,1524962513006,717.5,magnetbox,touch
907,1524962524993,216.5,magnetbox,touch
861,1524962531036,465,magnetbox,touch
895.5,1524962535494,716.5,magnetbox,touch
398.5,1525023696329,216.5,magnetbox,touch
389,1525023718429,458.5,magnetbox,touch
374,1525023721612,710,magnetbox,touch
648.5,1525023742005,202,magnetbox,touch
650,1525023754168,463.5,magnetbox,touch
610,1525023758315,694.5,magnetbox,touch
904,1525023782621,248,magnetbox,touch
868.5,1525023790169,463,magnetbox,touch
895.5,1525023805121,715.5,magnetbox,touch
415,1525023826855,247,magnetbox,touch
366,1525023834246,434.5,magnetbox,touch
354,1525023870556,713,magnetbox,touch
629,1525023879040,180,magnetbox,touch
641.5,1525023887401,452.5,magnetbox,touch
672.5,1525023896968,687,magnetbox,touch
952,1525023899908,250.5,magnetbox,touch
845.5,1525023902791,461.5,magnetbox,touch
931,1525023922626,731.5,magnetbox,touch
374,1525034274874,250,magnetbox,touch
388.5,1525034281708,488,magnetbox,touch
367.5,1525034289650,702.5,magnetbox,touch
608,1525034304034,249,magnetbox,touch
617.5,1525034313773,799.5,magnetbox,touch
915.5,1525034320430,244.5,magnetbox,touch
910,1525034328421,488,magnetbox,touch
904.5,1525034344932,718.5,magnetbox,touch
412.5,1525034350789,226,magnetbox,touch
393.5,1525034369532,237,magnetbox,touch
395,1525034374582,500.5,magnetbox,touch
406,1525034384587,727,magnetbox,touch
658.5,1525034396607,238.5,magnetbox,touch
645,1525034405805,472.5,magnetbox,touch
614.5,1525034413398,720,magnetbox,touch
893,1525034420895,232,magnetbox,touch
925.5,1525034430468,450.5,magnetbox,touch
898,1525034441201,730,magnetbox,touch
338.5,1525039178235,242,magnetbox,touch
338.5,1525039183547,502.5,magnetbox,touch
353.5,1525039193805,766.5,magnetbox,touch
644,1525039199425,214,magnetbox,touch
654.5,1525039219484,465.5,magnetbox,touch
600,1525039227462,669,magnetbox,touch
892,1525039232213,237,magnetbox,touch
866.5,1525039238634,463.5,magnetbox,touch
887,1525039257913,729,magnetbox,touch
387.5,1525039282683,233.5,magnetbox,touch
387,1525039296338,475,magnetbox,touch
392.5,1525039323849,729,magnetbox,touch
659,1525039329782,225,magnetbox,touch
637,1525039337556,434.5,magnetbox,touch
656.5,1525039352110,666,magnetbox,touch
860,1525039357173,241,magnetbox,touch
924.5,1525039368933,480,magnetbox,touch
869,1525039376500,698.5,magnetbox,touch
367.5,1525046464128,193.5,magnetbox,touch
389.5,1525046469447,455,magnetbox,touch
384,1525046483024,692.5,magnetbox,touch
640.5,1525046493477,216.5,magnetbox,touch
633,1525046517957,448.5,magnetbox,touch
624,1525046519817,708.5,magnetbox,touch
892.5,1525046528535,214.5,magnetbox,touch
881,1525046546327,455.5,magnetbox,touch
930.5,1525046562458,704.5,magnetbox,touch
365,1525046569372,217.5,magnetbox,touch
360,1525046575691,458.5,magnetbox,touch
393.5,1525046584386,703.5,magnetbox,touch
654,1525046610419,216.5,magnetbox,touch
631.5,1525046619023,455.5,magnetbox,touch
645,1525046629082,705,magnetbox,touch
879.5,1525046643179,201.5,magnetbox,touch
878,1525046658812,456.5,magnetbox,touch
888,1525046661953,697.5,magnetbox,touch
365,1525050754648,208.5,magnetbox,touch
389,1525050758830,460,magnetbox,touch
397.5,1525050768564,715,magnetbox,touch
632,1525050788215,230.5,magnetbox,touch
653.5,1525050794084,458.5,magnetbox,touch
656.5,1525050801608,717.5,magnetbox,touch
901.5,1525050807670,213.5,magnetbox,touch
885.5,1525050825331,469,magnetbox,touch
897,1525050836355,710.5,magnetbox,touch
408,1525050844617,226,magnetbox,touch
397.5,1525050854089,458,magnetbox,touch
396,1525050859727,710.5,magnetbox,touch
599.5,1525050879866,230.5,magnetbox,touch
602.5,1525050886045,445.5,magnetbox,touch
631,1525050893492,721,magnetbox,touch
882.5,1525050905384,184,magnetbox,touch
881,1525050912206,463,magnetbox,touch
912,1525050924837,707,magnetbox,touch
379,1525221203493,212,magnetbox,touch
406.5,1525221215900,454.5,magnetbox,touch
377,1525221230427,696,magnetbox,touch
610.5,1525221245695,195.5,magnetbox,touch
610,1525221248518,464.5,magnetbox,touch
619,1525221277902,706.5,magnetbox,touch
930,1525221288145,205,magnetbox,touch
885,1525221294131,459.5,magnetbox,touch
922,1525221304049,729,magnetbox,touch
386,1525221321136,193,magnetbox,touch
376.5,1525221334493,445.5,magnetbox,touch
376.5,1525221355407,690,magnetbox,touch
641.5,1525221364652,199,magnetbox,touch
616.5,1525221372468,445.5,magnetbox,touch
638.5,1525221378669,692.5,magnetbox,touch
900,1525221390952,172,magnetbox,touch
884.5,1525221394611,470.5,magnetbox,touch
916,1525221403932,718,magnetbox,touch
405.5,1525225586309,208,magnetbox,touch
410,1525225589186,454.5,magnetbox,touch
376.5,1525225596833,727,magnetbox,touch
643,1525225610593,218,magnetbox,touch
619.5,1525225618540,458,magnetbox,touch
650,1525225625358,728,magnetbox,touch
897.5,1525225632231,211.5,magnetbox,touch
872.5,1525225637921,470,magnetbox,touch
879.5,1525225648271,698.5,magnetbox,touch
403,1525225667714,199.5,magnetbox,touch
416,1525225678161,473,magnetbox,touch
384.5,1525225704329,745.5,magnetbox,touch
650.5,1525225716876,216.5,magnetbox,touch
649,1525225734869,197.5,magnetbox,touch
647.5,1525225746985,493.5,magnetbox,touch
643,1525225753277,736.5,magnetbox,touch
